﻿<?xml version="1.0" encoding="utf-8"?>
<!--LINQ to XML Generated File-->
<kinfolk>
  <kin>
    <fname gender="m">Dave</fname>
    <father>Ron</father>
  </kin>
  <kin>
    <fname gender="f">Karen</fname>
    <father>Ron</father>
  </kin>
  <kin>
    <fname gender="f">Amy</fname>
    <father>Mike</father>
  </kin>
  <kin>
    <fname gender="f">Meghann</fname>
    <father>Mike</father>
  </kin>
  <kin>
    <fname gender="f">Holly</fname>
    <father>Mike</father>
  </kin>
  <kin>
    <fname gender="m">Kurtis</fname>
    <father>Paul</father>
  </kin>
  <kin>
    <fname gender="f">Rachel</fname>
    <father>Paul</father>
  </kin>
  <kin>
    <fname gender="f">Elaine</fname>
    <father>Stan</father>
  </kin>
  <kin>
    <fname gender="f">Brenda</fname>
    <father>Stan</father>
  </kin>
  <kin>
    <fname gender="f">Julie</fname>
    <father>Stan</father>
  </kin>
  <kin>
    <fname gender="f">Jaclyn</fname>
    <father>Stan</father>
  </kin>
</kinfolk>