﻿<?xml version="1.0" encoding="utf-8" ?>
<country name="Canada">
  <province en="Ontario" fr="Ontario">
    <capital en="Toronto" fr="Toronto"></capital>
    <flag url="on.gif"></flag>
    <ols en="none" fr="aucun" />
  </province>
  <province en="Quebec" fr="Québec">
    <capital en="Quebec City" fr="Québec"></capital>
    <flag url="qc.gif"></flag>
    <ols en="French" fr="Français"></ols>
  </province>
  <province en="New Brunswick" fr="Nouveau-Brunswick">
    <capital en="Fredericton"
    fr="Fredericton"></capital>
    <flag url="nb.gif"></flag>
    <ols en="English and French" fr="Anglais et 
Français" />
  </province>
</country>